-- Insert 四極点 category
insert into public.categories (id, name, name_en, name_zh, description, color, icon, checkin_radius_meters, xp_per_checkin)
values (
  '00000000-0000-0000-0000-000000000001',
  '日本四極点',
  'Japan Extreme Points',
  '日本四極點',
  '日本本土の最北端・最南端・最東端・最西端',
  '#3b82f6',
  '🧭',
  500,
  100
);

-- Insert 四極点 locations
insert into public.locations (category_id, name, name_en, name_zh, prefecture, lat, lng)
values
  ('00000000-0000-0000-0000-000000000001', '宗谷岬', 'Cape Sōya', '宗谷岬', '北海道稚内市', 45.52278, 141.93639),
  ('00000000-0000-0000-0000-000000000001', '佐多岬', 'Cape Sata', '佐多岬', '鹿児島県南大隅町', 30.99500, 130.66167),
  ('00000000-0000-0000-0000-000000000001', '納沙布岬', 'Cape Nosappu', '納沙布岬', '北海道根室市', 43.38528, 145.81861),
  ('00000000-0000-0000-0000-000000000001', '神崎鼻', 'Cape Kanzaki', '神崎鼻', '長崎県佐世保市', 33.21417, 129.55500);

-- Insert title for 四極点
insert into public.titles (name, name_en, name_zh, description, category_id)
values ('四極探訪者', 'Four Extremes Explorer', '四極探訪者', '日本本土の四極点を全て訪れた', '00000000-0000-0000-0000-000000000001');

-- ============================================================
-- 稚内極北生活圏（極北一日遊）
-- ============================================================
insert into public.categories (id, name, name_en, name_zh, description, color, icon, checkin_radius_meters, xp_per_checkin)
values (
  '00000000-0000-0000-0000-000000000002',
  '稚内極北生活圏',
  'Wakkanai Arctic Life',
  '稚內極北生活圈',
  '日本最北端の街・稚内で極北の日常スポットを巡る',
  '#06b6d4',
  '❄️',
  200,
  80
);

insert into public.locations (category_id, name, name_en, name_zh, prefecture, lat, lng)
values
  ('00000000-0000-0000-0000-000000000002', 'マクドナルド 40号稚内店', 'McDonald''s Route 40 Wakkanai', '麥當勞40號稚內店', '北海道稚内市', 45.39699, 141.68199),
  ('00000000-0000-0000-0000-000000000002', 'セイコーマート とみいそ店', 'Seicomart Tomiiso', 'Seicomart富磯店', '北海道稚内市', 45.40222, 141.69333),
  ('00000000-0000-0000-0000-000000000002', 'JR稚内駅', 'JR Wakkanai Station', 'JR稚內站', '北海道稚内市', 45.41611, 141.67278);

insert into public.titles (name, name_en, name_zh, description, category_id)
values ('北緯45度生活者', '45°N Dweller', '北緯45度生活者', '稚内極北生活圏を全て制覇した', '00000000-0000-0000-0000-000000000002');

-- ============================================================
-- 全国制覇（47都道府県）
-- ============================================================
insert into public.categories (id, name, name_en, name_zh, description, color, icon, checkin_radius_meters, xp_per_checkin)
values (
  '00000000-0000-0000-0000-000000000003',
  '全国制覇',
  'National Conquest',
  '全國制霸',
  '全国47都道府県の県庁所在地を制覇しよう',
  '#e11d48',
  '🗾',
  200,
  20
);

insert into public.locations (category_id, name, name_en, name_zh, prefecture, lat, lng)
values
  -- 北海道・東北
  ('00000000-0000-0000-0000-000000000003', '北海道', 'Hokkaido', '北海道', '北海道', 43.06417, 141.35444),
  ('00000000-0000-0000-0000-000000000003', '青森県', 'Aomori', '青森縣', '青森県', 40.82278, 140.74694),
  ('00000000-0000-0000-0000-000000000003', '岩手県', 'Iwate', '岩手縣', '岩手県', 39.70361, 141.15250),
  ('00000000-0000-0000-0000-000000000003', '宮城県', 'Miyagi', '宮城縣', '宮城県', 38.26806, 140.86972),
  ('00000000-0000-0000-0000-000000000003', '秋田県', 'Akita', '秋田縣', '秋田県', 39.71861, 140.10250),
  ('00000000-0000-0000-0000-000000000003', '山形県', 'Yamagata', '山形縣', '山形県', 38.24056, 140.36333),
  ('00000000-0000-0000-0000-000000000003', '福島県', 'Fukushima', '福島縣', '福島県', 37.75028, 140.46778),
  -- 關東
  ('00000000-0000-0000-0000-000000000003', '茨城県', 'Ibaraki', '茨城縣', '茨城県', 36.34167, 140.44667),
  ('00000000-0000-0000-0000-000000000003', '栃木県', 'Tochigi', '栃木縣', '栃木県', 36.56583, 139.88361),
  ('00000000-0000-0000-0000-000000000003', '群馬県', 'Gunma', '群馬縣', '群馬県', 36.38944, 139.06333),
  ('00000000-0000-0000-0000-000000000003', '埼玉県', 'Saitama', '埼玉縣', '埼玉県', 35.86167, 139.64528),
  ('00000000-0000-0000-0000-000000000003', '千葉県', 'Chiba', '千葉縣', '千葉県', 35.60667, 140.12278),
  ('00000000-0000-0000-0000-000000000003', '東京都', 'Tokyo', '東京都', '東京都', 35.68944, 139.69167),
  ('00000000-0000-0000-0000-000000000003', '神奈川県', 'Kanagawa', '神奈川縣', '神奈川県', 35.44778, 139.64250),
  -- 中部
  ('00000000-0000-0000-0000-000000000003', '新潟県', 'Niigata', '新潟縣', '新潟県', 37.91611, 139.02278),
  ('00000000-0000-0000-0000-000000000003', '富山県', 'Toyama', '富山縣', '富山県', 36.69583, 137.21361),
  ('00000000-0000-0000-0000-000000000003', '石川県', 'Ishikawa', '石川縣', '石川県', 36.59500, 136.62500),
  ('00000000-0000-0000-0000-000000000003', '福井県', 'Fukui', '福井縣', '福井県', 36.06500, 136.22194),
  ('00000000-0000-0000-0000-000000000003', '山梨県', 'Yamanashi', '山梨縣', '山梨県', 35.66417, 138.56833),
  ('00000000-0000-0000-0000-000000000003', '長野県', 'Nagano', '長野縣', '長野県', 36.64944, 138.19222),
  ('00000000-0000-0000-0000-000000000003', '岐阜県', 'Gifu', '岐阜縣', '岐阜県', 35.39750, 136.72222),
  ('00000000-0000-0000-0000-000000000003', '静岡県', 'Shizuoka', '靜岡縣', '静岡県', 34.97694, 138.38306),
  ('00000000-0000-0000-0000-000000000003', '愛知県', 'Aichi', '愛知縣', '愛知県', 35.18028, 136.90667),
  -- 近畿
  ('00000000-0000-0000-0000-000000000003', '三重県', 'Mie', '三重縣', '三重県', 34.73028, 136.50861),
  ('00000000-0000-0000-0000-000000000003', '滋賀県', 'Shiga', '滋賀縣', '滋賀県', 35.00444, 135.86861),
  ('00000000-0000-0000-0000-000000000003', '京都府', 'Kyoto', '京都府', '京都府', 35.02111, 135.75556),
  ('00000000-0000-0000-0000-000000000003', '大阪府', 'Osaka', '大阪府', '大阪府', 34.68639, 135.52000),
  ('00000000-0000-0000-0000-000000000003', '兵庫県', 'Hyogo', '兵庫縣', '兵庫県', 34.69083, 135.18278),
  ('00000000-0000-0000-0000-000000000003', '奈良県', 'Nara', '奈良縣', '奈良県', 34.68500, 135.83000),
  ('00000000-0000-0000-0000-000000000003', '和歌山県', 'Wakayama', '和歌山縣', '和歌山県', 34.22667, 135.16917),
  -- 中國・四國
  ('00000000-0000-0000-0000-000000000003', '鳥取県', 'Tottori', '鳥取縣', '鳥取県', 35.50306, 134.23778),
  ('00000000-0000-0000-0000-000000000003', '島根県', 'Shimane', '島根縣', '島根県', 35.47222, 133.05028),
  ('00000000-0000-0000-0000-000000000003', '岡山県', 'Okayama', '岡山縣', '岡山県', 34.66139, 133.93611),
  ('00000000-0000-0000-0000-000000000003', '広島県', 'Hiroshima', '廣島縣', '広島県', 34.39139, 132.45972),
  ('00000000-0000-0000-0000-000000000003', '山口県', 'Yamaguchi', '山口縣', '山口県', 34.17806, 131.47361),
  ('00000000-0000-0000-0000-000000000003', '徳島県', 'Tokushima', '德島縣', '徳島県', 34.07028, 134.55778),
  ('00000000-0000-0000-0000-000000000003', '香川県', 'Kagawa', '香川縣', '香川県', 34.34278, 134.04333),
  ('00000000-0000-0000-0000-000000000003', '愛媛県', 'Ehime', '愛媛縣', '愛媛県', 33.84111, 132.76556),
  ('00000000-0000-0000-0000-000000000003', '高知県', 'Kochi', '高知縣', '高知県', 33.56111, 133.53139),
  -- 九州・沖繩
  ('00000000-0000-0000-0000-000000000003', '福岡県', 'Fukuoka', '福岡縣', '福岡県', 33.60639, 130.41806),
  ('00000000-0000-0000-0000-000000000003', '佐賀県', 'Saga', '佐賀縣', '佐賀県', 33.24917, 130.29944),
  ('00000000-0000-0000-0000-000000000003', '長崎県', 'Nagasaki', '長崎縣', '長崎県', 32.75000, 129.86972),
  ('00000000-0000-0000-0000-000000000003', '熊本県', 'Kumamoto', '熊本縣', '熊本県', 32.79056, 130.74111),
  ('00000000-0000-0000-0000-000000000003', '大分県', 'Oita', '大分縣', '大分県', 33.23806, 131.61250),
  ('00000000-0000-0000-0000-000000000003', '宮崎県', 'Miyazaki', '宮崎縣', '宮崎県', 31.91139, 131.42444),
  ('00000000-0000-0000-0000-000000000003', '鹿児島県', 'Kagoshima', '鹿兒島縣', '鹿児島県', 31.56028, 130.55806),
  ('00000000-0000-0000-0000-000000000003', '沖縄県', 'Okinawa', '沖繩縣', '沖縄県', 26.21222, 127.68083);

insert into public.titles (name, name_en, name_zh, description, category_id)
values ('全国制覇', 'National Conquest', '全國制霸', '47都道府県すべてを踏破した証', '00000000-0000-0000-0000-000000000003');

-- ============================================================
-- 日本百名城
-- ============================================================
insert into public.categories (id, name, name_en, name_zh, description, color, icon, checkin_radius_meters, xp_per_checkin)
values (
  '00000000-0000-0000-0000-000000000004',
  '日本百名城',
  'Japan''s 100 Famous Castles',
  '日本百大名城',
  '公益財団法人日本城郭協会が選定した全国100城を制覇する旅',
  '#991b1b',
  '🏯',
  300,
  50
);

insert into public.locations (category_id, name, name_en, name_zh, prefecture, lat, lng)
values
  ('00000000-0000-0000-0000-000000000004', '根室半島チャシ跡群', 'Nemuro Peninsula Chashi Ruins', '根室半島砦跡群', '北海道根室市', 43.3831, 145.7878),
  ('00000000-0000-0000-0000-000000000004', '五稜郭', 'Goryokaku Fort', '五稜郭', '北海道函館市', 41.7969, 140.7569),
  ('00000000-0000-0000-0000-000000000004', '松前城', 'Matsumae Castle', '松前城', '北海道松前町', 41.4297, 140.1083),
  ('00000000-0000-0000-0000-000000000004', '弘前城', 'Hirosaki Castle', '弘前城', '青森県弘前市', 40.6075, 140.4639),
  ('00000000-0000-0000-0000-000000000004', '根城', 'Ne Castle', '根城', '青森県八戸市', 40.5064, 141.4628),
  ('00000000-0000-0000-0000-000000000004', '盛岡城', 'Morioka Castle', '盛岡城', '岩手県盛岡市', 39.7003, 141.1500),
  ('00000000-0000-0000-0000-000000000004', '多賀城', 'Tagajo', '多賀城', '宮城県多賀城市', 38.3039, 140.9883),
  ('00000000-0000-0000-0000-000000000004', '仙台城', 'Sendai Castle', '仙台城', '宮城県仙台市', 38.2531, 140.8564),
  ('00000000-0000-0000-0000-000000000004', '久保田城', 'Kubota Castle', '久保田城', '秋田県秋田市', 39.7225, 140.1236),
  ('00000000-0000-0000-0000-000000000004', '山形城', 'Yamagata Castle', '山形城', '山形県山形市', 38.2550, 140.3278),
  ('00000000-0000-0000-0000-000000000004', '二本松城', 'Nihonmatsu Castle', '二本松城', '福島県二本松市', 37.5989, 140.4275),
  ('00000000-0000-0000-0000-000000000004', '会津若松城', 'Aizuwakamatsu Castle', '會津若松城', '福島県会津若松市', 37.4878, 139.9297),
  ('00000000-0000-0000-0000-000000000004', '白河小峰城', 'Shirakawa Komine Castle', '白河小峰城', '福島県白河市', 37.1328, 140.2147),
  ('00000000-0000-0000-0000-000000000004', '水戸城', 'Mito Castle', '水戶城', '茨城県水戸市', 36.3747, 140.4794),
  ('00000000-0000-0000-0000-000000000004', '足利氏館', 'Ashikaga Clan Residence', '足利氏館', '栃木県足利市', 36.3381, 139.4522),
  ('00000000-0000-0000-0000-000000000004', '箕輪城', 'Minowa Castle', '箕輪城', '群馬県高崎市', 36.4031, 138.9522),
  ('00000000-0000-0000-0000-000000000004', '金山城', 'Kanayama Castle', '金山城', '群馬県太田市', 36.3214, 139.3753),
  ('00000000-0000-0000-0000-000000000004', '鉢形城', 'Hachigata Castle', '鉢形城', '埼玉県寄居町', 36.1133, 139.1969),
  ('00000000-0000-0000-0000-000000000004', '川越城', 'Kawagoe Castle', '川越城', '埼玉県川越市', 35.9247, 139.4919),
  ('00000000-0000-0000-0000-000000000004', '佐倉城', 'Sakura Castle', '佐倉城', '千葉県佐倉市', 35.7222, 140.2025),
  ('00000000-0000-0000-0000-000000000004', '江戸城', 'Edo Castle', '江戶城', '東京都千代田区', 35.6883, 139.7544),
  ('00000000-0000-0000-0000-000000000004', '八王子城', 'Hachioji Castle', '八王子城', '東京都八王子市', 35.6525, 139.2531),
  ('00000000-0000-0000-0000-000000000004', '小田原城', 'Odawara Castle', '小田原城', '神奈川県小田原市', 35.2508, 139.1536),
  ('00000000-0000-0000-0000-000000000004', '新発田城', 'Shibata Castle', '新發田城', '新潟県新発田市', 37.9475, 139.3258),
  ('00000000-0000-0000-0000-000000000004', '春日山城', 'Kasugayama Castle', '春日山城', '新潟県上越市', 37.1472, 138.2064),
  ('00000000-0000-0000-0000-000000000004', '松代城', 'Matsushiro Castle', '松代城', '長野県長野市', 36.5611, 138.1994),
  ('00000000-0000-0000-0000-000000000004', '上田城', 'Ueda Castle', '上田城', '長野県上田市', 36.4042, 138.2439),
  ('00000000-0000-0000-0000-000000000004', '小諸城', 'Komoro Castle', '小諸城', '長野県小諸市', 36.3275, 138.4172),
  ('00000000-0000-0000-0000-000000000004', '松本城', 'Matsumoto Castle', '松本城', '長野県松本市', 36.2389, 137.9692),
  ('00000000-0000-0000-0000-000000000004', '高遠城', 'Takato Castle', '高遠城', '長野県伊那市', 35.8339, 138.0611),
  ('00000000-0000-0000-0000-000000000004', '武田氏館', 'Takeda Clan Residence', '武田氏館', '山梨県甲府市', 35.6869, 138.5781),
  ('00000000-0000-0000-0000-000000000004', '甲府城', 'Kofu Castle', '甲府城', '山梨県甲府市', 35.6669, 138.5717),
  ('00000000-0000-0000-0000-000000000004', '高岡城', 'Takaoka Castle', '高岡城', '富山県高岡市', 36.7483, 137.0217),
  ('00000000-0000-0000-0000-000000000004', '七尾城', 'Nanao Castle', '七尾城', '石川県七尾市', 37.0122, 136.9744),
  ('00000000-0000-0000-0000-000000000004', '金沢城', 'Kanazawa Castle', '金澤城', '石川県金沢市', 36.5647, 136.6622),
  ('00000000-0000-0000-0000-000000000004', '丸岡城', 'Maruoka Castle', '丸岡城', '福井県坂井市', 36.1519, 136.2722),
  ('00000000-0000-0000-0000-000000000004', '一乗谷城', 'Ichijodani Castle', '一乘谷城', '福井県福井市', 36.0003, 136.2956),
  ('00000000-0000-0000-0000-000000000004', '岩村城', 'Iwamura Castle', '岩村城', '岐阜県恵那市', 35.3600, 137.4511),
  ('00000000-0000-0000-0000-000000000004', '岐阜城', 'Gifu Castle', '岐阜城', '岐阜県岐阜市', 35.4339, 136.7819),
  ('00000000-0000-0000-0000-000000000004', '山中城', 'Yamanaka Castle', '山中城', '静岡県三島市', 35.1539, 138.9994),
  ('00000000-0000-0000-0000-000000000004', '駿府城', 'Sunpu Castle', '駿府城', '静岡県静岡市', 34.9792, 138.3833),
  ('00000000-0000-0000-0000-000000000004', '掛川城', 'Kakegawa Castle', '掛川城', '静岡県掛川市', 34.7753, 138.0147),
  ('00000000-0000-0000-0000-000000000004', '犬山城', 'Inuyama Castle', '犬山城', '愛知県犬山市', 35.3881, 136.9392),
  ('00000000-0000-0000-0000-000000000004', '名古屋城', 'Nagoya Castle', '名古屋城', '愛知県名古屋市', 35.1856, 136.8986),
  ('00000000-0000-0000-0000-000000000004', '岡崎城', 'Okazaki Castle', '岡崎城', '愛知県岡崎市', 34.9564, 137.1586),
  ('00000000-0000-0000-0000-000000000004', '長篠城', 'Nagashino Castle', '長篠城', '愛知県新城市', 34.9231, 137.5589),
  ('00000000-0000-0000-0000-000000000004', '伊賀上野城', 'Iga Ueno Castle', '伊賀上野城', '三重県伊賀市', 34.7703, 136.1286),
  ('00000000-0000-0000-0000-000000000004', '松阪城', 'Matsusaka Castle', '松阪城', '三重県松阪市', 34.5756, 136.5258),
  ('00000000-0000-0000-0000-000000000004', '小谷城', 'Odani Castle', '小谷城', '滋賀県長浜市', 35.4600, 136.2781),
  ('00000000-0000-0000-0000-000000000004', '彦根城', 'Hikone Castle', '彥根城', '滋賀県彦根市', 35.2764, 136.2517),
  ('00000000-0000-0000-0000-000000000004', '安土城', 'Azuchi Castle', '安土城', '滋賀県近江八幡市', 35.1561, 136.1397),
  ('00000000-0000-0000-0000-000000000004', '観音寺城', 'Kannonji Castle', '觀音寺城', '滋賀県近江八幡市', 35.1458, 136.1592),
  ('00000000-0000-0000-0000-000000000004', '二条城', 'Nijo Castle', '二條城', '京都府京都市', 35.0142, 135.7475),
  ('00000000-0000-0000-0000-000000000004', '大坂城', 'Osaka Castle', '大阪城', '大阪府大阪市', 34.6872, 135.5258),
  ('00000000-0000-0000-0000-000000000004', '千早城', 'Chihaya Castle', '千早城', '大阪府千早赤阪村', 34.4172, 135.6789),
  ('00000000-0000-0000-0000-000000000004', '竹田城', 'Takeda Castle', '竹田城', '兵庫県朝来市', 35.3006, 134.8289),
  ('00000000-0000-0000-0000-000000000004', '篠山城', 'Sasayama Castle', '篠山城', '兵庫県丹波篠山市', 35.0733, 135.2186),
  ('00000000-0000-0000-0000-000000000004', '明石城', 'Akashi Castle', '明石城', '兵庫県明石市', 34.6525, 135.0022),
  ('00000000-0000-0000-0000-000000000004', '姫路城', 'Himeji Castle', '姬路城', '兵庫県姫路市', 34.8372, 134.6931),
  ('00000000-0000-0000-0000-000000000004', '赤穂城', 'Ako Castle', '赤穗城', '兵庫県赤穂市', 34.7458, 134.3889),
  ('00000000-0000-0000-0000-000000000004', '高取城', 'Takatori Castle', '高取城', '奈良県高市郡高取町', 34.4281, 135.8289),
  ('00000000-0000-0000-0000-000000000004', '和歌山城', 'Wakayama Castle', '和歌山城', '和歌山県和歌山市', 34.2275, 135.1739),
  ('00000000-0000-0000-0000-000000000004', '鳥取城', 'Tottori Castle', '鳥取城', '鳥取県鳥取市', 35.5064, 134.2397),
  ('00000000-0000-0000-0000-000000000004', '松江城', 'Matsue Castle', '松江城', '島根県松江市', 35.4783, 133.0506),
  ('00000000-0000-0000-0000-000000000004', '月山富田城', 'Gassan Toda Castle', '月山富田城', '島根県安来市', 35.3619, 133.1850),
  ('00000000-0000-0000-0000-000000000004', '津和野城', 'Tsuwano Castle', '津和野城', '島根県鹿足郡津和野町', 34.4619, 131.7608),
  ('00000000-0000-0000-0000-000000000004', '津山城', 'Tsuyama Castle', '津山城', '岡山県津山市', 35.0622, 134.0050),
  ('00000000-0000-0000-0000-000000000004', '備中松山城', 'Bicchu Matsuyama Castle', '備中松山城', '岡山県高梁市', 34.8092, 133.6222),
  ('00000000-0000-0000-0000-000000000004', '鬼ノ城', 'Kinojo', '鬼之城', '岡山県総社市', 34.7267, 133.7628),
  ('00000000-0000-0000-0000-000000000004', '岡山城', 'Okayama Castle', '岡山城', '岡山県岡山市', 34.6653, 133.9364),
  ('00000000-0000-0000-0000-000000000004', '福山城', 'Fukuyama Castle', '福山城', '広島県福山市', 34.4911, 133.3614),
  ('00000000-0000-0000-0000-000000000004', '吉田郡山城', 'Yoshida Koriyama Castle', '吉田郡山城', '広島県安芸高田市', 34.6842, 132.7064),
  ('00000000-0000-0000-0000-000000000004', '広島城', 'Hiroshima Castle', '廣島城', '広島県広島市', 34.4031, 132.4592),
  ('00000000-0000-0000-0000-000000000004', '岩国城', 'Iwakuni Castle', '岩國城', '山口県岩国市', 34.1750, 132.1744),
  ('00000000-0000-0000-0000-000000000004', '萩城', 'Hagi Castle', '萩城', '山口県萩市', 34.4175, 131.3828),
  ('00000000-0000-0000-0000-000000000004', '徳島城', 'Tokushima Castle', '德島城', '徳島県徳島市', 34.0753, 134.5550),
  ('00000000-0000-0000-0000-000000000004', '高松城', 'Takamatsu Castle', '高松城', '香川県高松市', 34.3503, 134.0503),
  ('00000000-0000-0000-0000-000000000004', '丸亀城', 'Marugame Castle', '丸龜城', '香川県丸亀市', 34.2864, 133.8064),
  ('00000000-0000-0000-0000-000000000004', '今治城', 'Imabari Castle', '今治城', '愛媛県今治市', 34.0631, 133.0086),
  ('00000000-0000-0000-0000-000000000004', '湯築城', 'Yuzuki Castle', '湯築城', '愛媛県松山市', 33.8469, 132.7869),
  ('00000000-0000-0000-0000-000000000004', '松山城', 'Matsuyama Castle', '松山城', '愛媛県松山市', 33.8456, 132.7653),
  ('00000000-0000-0000-0000-000000000004', '大洲城', 'Ozu Castle', '大洲城', '愛媛県大洲市', 33.5089, 132.5419),
  ('00000000-0000-0000-0000-000000000004', '宇和島城', 'Uwajima Castle', '宇和島城', '愛媛県宇和島市', 33.2197, 132.5650),
  ('00000000-0000-0000-0000-000000000004', '高知城', 'Kochi Castle', '高知城', '高知県高知市', 33.5611, 133.5314),
  ('00000000-0000-0000-0000-000000000004', '福岡城', 'Fukuoka Castle', '福岡城', '福岡県福岡市', 33.5844, 130.3808),
  ('00000000-0000-0000-0000-000000000004', '大野城', 'Ono Castle', '大野城', '福岡県大野城市', 33.5400, 130.5153),
  ('00000000-0000-0000-0000-000000000004', '名護屋城', 'Nagoya Castle (Hizen)', '名護屋城', '佐賀県唐津市', 33.5278, 129.8697),
  ('00000000-0000-0000-0000-000000000004', '吉野ヶ里遺跡', 'Yoshinogari Ruins', '吉野里遺跡', '佐賀県神埼郡吉野ヶ里町', 33.3239, 130.3842),
  ('00000000-0000-0000-0000-000000000004', '佐賀城', 'Saga Castle', '佐賀城', '佐賀県佐賀市', 33.2436, 130.3003),
  ('00000000-0000-0000-0000-000000000004', '平戸城', 'Hirado Castle', '平戶城', '長崎県平戸市', 33.3700, 129.5586),
  ('00000000-0000-0000-0000-000000000004', '島原城', 'Shimabara Castle', '島原城', '長崎県島原市', 32.7933, 130.3692),
  ('00000000-0000-0000-0000-000000000004', '熊本城', 'Kumamoto Castle', '熊本城', '熊本県熊本市', 32.8061, 130.7058),
  ('00000000-0000-0000-0000-000000000004', '人吉城', 'Hitoyoshi Castle', '人吉城', '熊本県人吉市', 32.2117, 130.7661),
  ('00000000-0000-0000-0000-000000000004', '大分府内城', 'Oita Funai Castle', '大分府內城', '大分県大分市', 33.2400, 131.6086),
  ('00000000-0000-0000-0000-000000000004', '岡城', 'Oka Castle', '岡城', '大分県竹田市', 32.9697, 131.4086),
  ('00000000-0000-0000-0000-000000000004', '飫肥城', 'Obi Castle', '飫肥城', '宮崎県日南市', 31.6289, 131.3514),
  ('00000000-0000-0000-0000-000000000004', '鹿児島城', 'Kagoshima Castle', '鹿兒島城', '鹿児島県鹿児島市', 31.5989, 130.5550),
  ('00000000-0000-0000-0000-000000000004', '今帰仁城', 'Nakijin Castle', '今歸仁城', '沖縄県国頭郡今帰仁村', 26.6928, 127.9289),
  ('00000000-0000-0000-0000-000000000004', '中城城', 'Nakagusuku Castle', '中城城', '沖縄県中頭郡中城村', 26.2839, 127.8011),
  ('00000000-0000-0000-0000-000000000004', '首里城', 'Shuri Castle', '首里城', '沖縄県那覇市', 26.2172, 127.7183);

insert into public.titles (name, name_en, name_zh, description, category_id)
values ('天下統一', 'Unifier of the Realm', '天下統一', '日本百名城を全て制覇した', '00000000-0000-0000-0000-000000000004');

