-- Insert 四極点 category
insert into public.categories (id, name, name_en, name_zh, description, color, icon, checkin_radius_meters, xp_per_checkin)
values (
  '00000000-0000-0000-0000-000000000001',
  '日本四極点',
  'Japan Extreme Points',
  '日本四極點',
  '日本本土の最北端・最南端・最東端・最西端',
  '#3b82f6',
  '🧭',
  500,
  100
);

-- Insert 四極点 locations
insert into public.locations (category_id, name, name_en, name_zh, prefecture, lat, lng)
values
  ('00000000-0000-0000-0000-000000000001', '宗谷岬', 'Cape Sōya', '宗谷岬', '北海道稚内市', 45.52278, 141.93639),
  ('00000000-0000-0000-0000-000000000001', '佐多岬', 'Cape Sata', '佐多岬', '鹿児島県南大隅町', 30.99500, 130.66167),
  ('00000000-0000-0000-0000-000000000001', '納沙布岬', 'Cape Nosappu', '納沙布岬', '北海道根室市', 43.38528, 145.81861),
  ('00000000-0000-0000-0000-000000000001', '神崎鼻', 'Cape Kanzaki', '神崎鼻', '長崎県佐世保市', 33.21417, 129.55500);

-- Insert title for 四極点
insert into public.titles (name, name_en, name_zh, description, category_id)
values ('四極探訪者', 'Four Extremes Explorer', '四極探訪者', '日本本土の四極点を全て訪れた', '00000000-0000-0000-0000-000000000001');

-- ============================================================
-- 稚内極北生活圏（極北一日遊）
-- ============================================================
insert into public.categories (id, name, name_en, name_zh, description, color, icon, checkin_radius_meters, xp_per_checkin)
values (
  '00000000-0000-0000-0000-000000000002',
  '稚内極北生活圏',
  'Wakkanai Arctic Life',
  '稚內極北生活圈',
  '日本最北端の街・稚内で極北の日常スポットを巡る',
  '#06b6d4',
  '❄️',
  200,
  80
);

insert into public.locations (category_id, name, name_en, name_zh, prefecture, lat, lng)
values
  ('00000000-0000-0000-0000-000000000002', 'マクドナルド 40号稚内店', 'McDonald''s Route 40 Wakkanai', '麥當勞40號稚內店', '北海道稚内市', 45.39699, 141.68199),
  ('00000000-0000-0000-0000-000000000002', 'セイコーマート とみいそ店', 'Seicomart Tomiiso', 'Seicomart富磯店', '北海道稚内市', 45.40222, 141.69333),
  ('00000000-0000-0000-0000-000000000002', 'JR稚内駅', 'JR Wakkanai Station', 'JR稚內站', '北海道稚内市', 45.41611, 141.67278);

insert into public.titles (name, name_en, name_zh, description, category_id)
values ('北緯45度生活者', '45°N Dweller', '北緯45度生活者', '稚内極北生活圏を全て制覇した', '00000000-0000-0000-0000-000000000002');

-- ============================================================
-- 全国制覇（47都道府県）
-- ============================================================
insert into public.categories (id, name, name_en, name_zh, description, color, icon, checkin_radius_meters, xp_per_checkin)
values (
  '00000000-0000-0000-0000-000000000003',
  '全国制覇',
  'National Conquest',
  '全國制霸',
  '全国47都道府県の県庁所在地を制覇しよう',
  '#e11d48',
  '🗾',
  200,
  20
);

insert into public.locations (category_id, name, name_en, name_zh, prefecture, lat, lng)
values
  -- 北海道・東北
  ('00000000-0000-0000-0000-000000000003', '北海道', 'Hokkaido', '北海道', '北海道', 43.2203266, 142.8634737),
  ('00000000-0000-0000-0000-000000000003', '青森県', 'Aomori', '青森縣', '青森県', 40.7657077, 140.9175879),
  ('00000000-0000-0000-0000-000000000003', '岩手県', 'Iwate', '岩手縣', '岩手県', 39.5832989, 141.2534574),
  ('00000000-0000-0000-0000-000000000003', '宮城県', 'Miyagi', '宮城縣', '宮城県', 38.6306120, 141.1193048),
  ('00000000-0000-0000-0000-000000000003', '秋田県', 'Akita', '秋田縣', '秋田県', 40.1376293, 140.3343410),
  ('00000000-0000-0000-0000-000000000003', '山形県', 'Yamagata', '山形縣', '山形県', 38.5370564, 140.1435198),
  ('00000000-0000-0000-0000-000000000003', '福島県', 'Fukushima', '福島縣', '福島県', 37.3834373, 140.1832516),
  -- 關東
  ('00000000-0000-0000-0000-000000000003', '茨城県', 'Ibaraki', '茨城縣', '茨城県', 36.2193571, 140.1832516),
  ('00000000-0000-0000-0000-000000000003', '栃木県', 'Tochigi', '栃木縣', '栃木県', 36.6714739, 139.8547266),
  ('00000000-0000-0000-0000-000000000003', '群馬県', 'Gunma', '群馬縣', '群馬県', 36.5605388, 138.8799972),
  ('00000000-0000-0000-0000-000000000003', '埼玉県', 'Saitama', '埼玉縣', '埼玉県', 35.9962513, 139.4466005),
  ('00000000-0000-0000-0000-000000000003', '千葉県', 'Chiba', '千葉縣', '千葉県', 35.3354155, 140.1832516),
  ('00000000-0000-0000-0000-000000000003', '東京都', 'Tokyo', '東京都', '東京都', 35.6764225, 139.6500270),
  ('00000000-0000-0000-0000-000000000003', '神奈川県', 'Kanagawa', '神奈川縣', '神奈川県', 35.4913535, 139.2841430),
  -- 中部
  ('00000000-0000-0000-0000-000000000003', '新潟県', 'Niigata', '新潟縣', '新潟県', 37.5178386, 138.9269794),
  ('00000000-0000-0000-0000-000000000003', '富山県', 'Toyama', '富山縣', '富山県', 36.6958266, 137.2137071),
  ('00000000-0000-0000-0000-000000000003', '石川県', 'Ishikawa', '石川縣', '石川県', 36.3260317, 136.5289653),
  ('00000000-0000-0000-0000-000000000003', '福井県', 'Fukui', '福井縣', '福井県', 35.8962270, 136.2111579),
  ('00000000-0000-0000-0000-000000000003', '山梨県', 'Yamanashi', '山梨縣', '山梨県', 35.6635113, 138.6388879),
  ('00000000-0000-0000-0000-000000000003', '長野県', 'Nagano', '長野縣', '長野県', 36.1543941, 137.9218204),
  ('00000000-0000-0000-0000-000000000003', '岐阜県', 'Gifu', '岐阜縣', '岐阜県', 35.7437491, 136.9805103),
  ('00000000-0000-0000-0000-000000000003', '静岡県', 'Shizuoka', '靜岡縣', '静岡県', 35.0929397, 138.3190276),
  ('00000000-0000-0000-0000-000000000003', '愛知県', 'Aichi', '愛知縣', '愛知県', 35.0182505, 137.2923893),
  -- 近畿
  ('00000000-0000-0000-0000-000000000003', '三重県', 'Mie', '三重縣', '三重県', 33.8143901, 136.0487047),
  ('00000000-0000-0000-0000-000000000003', '滋賀県', 'Shiga', '滋賀縣', '滋賀県', 35.3292014, 136.0563212),
  ('00000000-0000-0000-0000-000000000003', '京都府', 'Kyoto', '京都府', '京都府', 35.1566609, 135.5251982),
  ('00000000-0000-0000-0000-000000000003', '大阪府', 'Osaka', '大阪府', '大阪府', 34.6413315, 135.5629394),
  ('00000000-0000-0000-0000-000000000003', '兵庫県', 'Hyogo', '兵庫縣', '兵庫県', 34.8579518, 134.5453787),
  ('00000000-0000-0000-0000-000000000003', '奈良県', 'Nara', '奈良縣', '奈良県', 34.2975528, 135.8279734),
  ('00000000-0000-0000-0000-000000000003', '和歌山県', 'Wakayama', '和歌山縣', '和歌山県', 33.9480914, 135.3745358),
  -- 中國・四國
  ('00000000-0000-0000-0000-000000000003', '鳥取県', 'Tottori', '鳥取縣', '鳥取県', 35.3573161, 133.4066618),
  ('00000000-0000-0000-0000-000000000003', '島根県', 'Shimane', '島根縣', '島根県', 35.1244094, 132.6293446),
  ('00000000-0000-0000-0000-000000000003', '岡山県', 'Okayama', '岡山縣', '岡山県', 34.8963407, 133.6375314),
  ('00000000-0000-0000-0000-000000000003', '広島県', 'Hiroshima', '廣島縣', '広島県', 34.8823408, 133.0194897),
  ('00000000-0000-0000-0000-000000000003', '山口県', 'Yamaguchi', '山口縣', '山口県', 34.2796769, 131.5212742),
  ('00000000-0000-0000-0000-000000000003', '徳島県', 'Tokushima', '德島縣', '徳島県', 33.9419655, 134.3236557),
  ('00000000-0000-0000-0000-000000000003', '香川県', 'Kagawa', '香川縣', '香川県', 34.2225915, 134.0199152),
  ('00000000-0000-0000-0000-000000000003', '愛媛県', 'Ehime', '愛媛縣', '愛媛県', 33.6025306, 132.7857583),
  ('00000000-0000-0000-0000-000000000003', '高知県', 'Kochi', '高知縣', '高知県', 33.5481246, 133.2521507),
  -- 九州・沖繩
  ('00000000-0000-0000-0000-000000000003', '福岡県', 'Fukuoka', '福岡縣', '福岡県', 33.5662559, 130.7158570),
  ('00000000-0000-0000-0000-000000000003', '佐賀県', 'Saga', '佐賀縣', '佐賀県', 33.3078371, 130.2271243),
  ('00000000-0000-0000-0000-000000000003', '長崎県', 'Nagasaki', '長崎縣', '長崎県', 33.2488525, 129.6930912),
  ('00000000-0000-0000-0000-000000000003', '熊本県', 'Kumamoto', '熊本縣', '熊本県', 32.8594427, 130.7969149),
  ('00000000-0000-0000-0000-000000000003', '大分県', 'Oita', '大分縣', '大分県', 33.1589299, 131.3611121),
  ('00000000-0000-0000-0000-000000000003', '宮崎県', 'Miyazaki', '宮崎縣', '宮崎県', 32.6036022, 131.4412510),
  ('00000000-0000-0000-0000-000000000003', '鹿児島県', 'Kagoshima', '鹿兒島縣', '鹿児島県', 31.3911958, 130.8778586),
  ('00000000-0000-0000-0000-000000000003', '沖縄県', 'Okinawa', '沖繩縣', '沖縄県', 26.1201911, 127.7025012);

insert into public.titles (name, name_en, name_zh, description, category_id)
values ('全国制覇', 'National Conquest', '全國制霸', '47都道府県すべてを踏破した証', '00000000-0000-0000-0000-000000000003');

-- ============================================================
-- 日本百名城
-- ============================================================
insert into public.categories (id, name, name_en, name_zh, description, color, icon, checkin_radius_meters, xp_per_checkin)
values (
  '00000000-0000-0000-0000-000000000004',
  '日本百名城',
  'Japan''s 100 Famous Castles',
  '日本百大名城',
  '公益財団法人日本城郭協会が選定した全国100城を制覇する旅',
  '#991b1b',
  '🏯',
  300,
  50
);

insert into public.locations (category_id, name, name_en, name_zh, prefecture, lat, lng)
values
  ('00000000-0000-0000-0000-000000000004', '根室半島チャシ跡群', 'Nemuro Peninsula Chashi Ruins', '根室半島砦跡群', '北海道根室市', 43.3887273, 145.7824096),
  ('00000000-0000-0000-0000-000000000004', '五稜郭', 'Goryokaku Fort', '五稜郭', '北海道函館市', 41.7969245, 140.7567838),
  ('00000000-0000-0000-0000-000000000004', '松前城', 'Matsumae Castle', '松前城', '北海道松前町', 41.4298799, 140.1084293),
  ('00000000-0000-0000-0000-000000000004', '弘前城', 'Hirosaki Castle', '弘前城', '青森県弘前市', 40.6079159, 140.4636654),
  ('00000000-0000-0000-0000-000000000004', '根城', 'Ne Castle', '根城', '青森県八戸市', 40.5062719, 141.4607934),
  ('00000000-0000-0000-0000-000000000004', '盛岡城', 'Morioka Castle', '盛岡城', '岩手県盛岡市', 39.6999975, 141.150821),
  ('00000000-0000-0000-0000-000000000004', '多賀城', 'Tagajo', '多賀城', '宮城県多賀城市', 38.2938504, 141.0044375),
  ('00000000-0000-0000-0000-000000000004', '仙台城', 'Sendai Castle', '仙台城', '宮城県仙台市', 38.2534138, 140.8561276),
  ('00000000-0000-0000-0000-000000000004', '久保田城', 'Kubota Castle', '久保田城', '秋田県秋田市', 39.7218144, 140.1236925),
  ('00000000-0000-0000-0000-000000000004', '山形城', 'Yamagata Castle', '山形城', '山形県山形市', 38.2555275, 140.3277697),
  ('00000000-0000-0000-0000-000000000004', '二本松城', 'Nihonmatsu Castle', '二本松城', '福島県二本松市', 37.5986946, 140.4296849),
  ('00000000-0000-0000-0000-000000000004', '会津若松城', 'Aizuwakamatsu Castle', '會津若松城', '福島県会津若松市', 37.4877934, 139.9295015),
  ('00000000-0000-0000-0000-000000000004', '白河小峰城', 'Shirakawa Komine Castle', '白河小峰城', '福島県白河市', 37.1324067, 140.2136919),
  ('00000000-0000-0000-0000-000000000004', '水戸城', 'Mito Castle', '水戶城', '茨城県水戸市', 36.3742982, 140.4807827),
  ('00000000-0000-0000-0000-000000000004', '足利氏館', 'Ashikaga Clan Residence', '足利氏館', '栃木県足利市', 36.3376851, 139.4519998),
  ('00000000-0000-0000-0000-000000000004', '箕輪城', 'Minowa Castle', '箕輪城', '群馬県高崎市', 36.40495, 138.950958),
  ('00000000-0000-0000-0000-000000000004', '金山城', 'Kanayama Castle', '金山城', '群馬県太田市', 36.3169465, 139.3778298),
  ('00000000-0000-0000-0000-000000000004', '鉢形城', 'Hachigata Castle', '鉢形城', '埼玉県寄居町', 36.1073149, 139.1933605),
  ('00000000-0000-0000-0000-000000000004', '川越城', 'Kawagoe Castle', '川越城', '埼玉県川越市', 35.9243955, 139.4916826),
  ('00000000-0000-0000-0000-000000000004', '佐倉城', 'Sakura Castle', '佐倉城', '千葉県佐倉市', 35.7223254, 140.2159635),
  ('00000000-0000-0000-0000-000000000004', '江戸城', 'Edo Castle', '江戶城', '東京都千代田区', 35.6883712, 139.7544177),
  ('00000000-0000-0000-0000-000000000004', '八王子城', 'Hachioji Castle', '八王子城', '東京都八王子市', 35.652617, 139.2565145),
  ('00000000-0000-0000-0000-000000000004', '小田原城', 'Odawara Castle', '小田原城', '神奈川県小田原市', 35.2509493, 139.1535136),
  ('00000000-0000-0000-0000-000000000004', '新発田城', 'Shibata Castle', '新發田城', '新潟県新発田市', 37.9547806, 139.3260149),
  ('00000000-0000-0000-0000-000000000004', '春日山城', 'Kasugayama Castle', '春日山城', '新潟県上越市', 37.1466546, 138.2055489),
  ('00000000-0000-0000-0000-000000000004', '松代城', 'Matsushiro Castle', '松代城', '長野県長野市', 36.5663607, 138.1961698),
  ('00000000-0000-0000-0000-000000000004', '上田城', 'Ueda Castle', '上田城', '長野県上田市', 36.404377, 138.2449512),
  ('00000000-0000-0000-0000-000000000004', '小諸城', 'Komoro Castle', '小諸城', '長野県小諸市', 36.3271098, 138.4175464),
  ('00000000-0000-0000-0000-000000000004', '松本城', 'Matsumoto Castle', '松本城', '長野県松本市', 36.238653, 137.9688674),
  ('00000000-0000-0000-0000-000000000004', '高遠城', 'Takato Castle', '高遠城', '長野県伊那市', 35.8331601, 138.0623625),
  ('00000000-0000-0000-0000-000000000004', '武田氏館', 'Takeda Clan Residence', '武田氏館', '山梨県甲府市', 35.6866849, 138.5772796),
  ('00000000-0000-0000-0000-000000000004', '甲府城', 'Kofu Castle', '甲府城', '山梨県甲府市', 35.6653429, 138.5713936),
  ('00000000-0000-0000-0000-000000000004', '高岡城', 'Takaoka Castle', '高岡城', '富山県高岡市', 36.7493267, 137.0207843),
  ('00000000-0000-0000-0000-000000000004', '七尾城', 'Nanao Castle', '七尾城', '石川県七尾市', 37.0089871, 136.9846774),
  ('00000000-0000-0000-0000-000000000004', '金沢城', 'Kanazawa Castle', '金澤城', '石川県金沢市', 36.5659609, 136.6596084),
  ('00000000-0000-0000-0000-000000000004', '丸岡城', 'Maruoka Castle', '丸岡城', '福井県坂井市', 36.1524034, 136.2723026),
  ('00000000-0000-0000-0000-000000000004', '一乗谷城', 'Ichijodani Castle', '一乘谷城', '福井県福井市', 35.9994633, 136.2959322),
  ('00000000-0000-0000-0000-000000000004', '岩村城', 'Iwamura Castle', '岩村城', '岐阜県恵那市', 35.3599583, 137.4513221),
  ('00000000-0000-0000-0000-000000000004', '岐阜城', 'Gifu Castle', '岐阜城', '岐阜県岐阜市', 35.433918, 136.7820713),
  ('00000000-0000-0000-0000-000000000004', '山中城', 'Yamanaka Castle', '山中城', '静岡県三島市', 35.1561276, 138.9920517),
  ('00000000-0000-0000-0000-000000000004', '駿府城', 'Sunpu Castle', '駿府城', '静岡県静岡市', 34.9789981, 138.3831214),
  ('00000000-0000-0000-0000-000000000004', '掛川城', 'Kakegawa Castle', '掛川城', '静岡県掛川市', 34.7752055, 138.0139033),
  ('00000000-0000-0000-0000-000000000004', '犬山城', 'Inuyama Castle', '犬山城', '愛知県犬山市', 35.3883604, 136.9391766),
  ('00000000-0000-0000-0000-000000000004', '名古屋城', 'Nagoya Castle', '名古屋城', '愛知県名古屋市', 35.1847501, 136.8996883),
  ('00000000-0000-0000-0000-000000000004', '岡崎城', 'Okazaki Castle', '岡崎城', '愛知県岡崎市', 34.9564952, 137.1592798),
  ('00000000-0000-0000-0000-000000000004', '長篠城', 'Nagashino Castle', '長篠城', '愛知県新城市', 34.9226355, 137.5597906),
  ('00000000-0000-0000-0000-000000000004', '伊賀上野城', 'Iga Ueno Castle', '伊賀上野城', '三重県伊賀市', 34.7701586, 136.1270173),
  ('00000000-0000-0000-0000-000000000004', '松阪城', 'Matsusaka Castle', '松阪城', '三重県松阪市', 34.5759323, 136.5258102),
  ('00000000-0000-0000-0000-000000000004', '小谷城', 'Odani Castle', '小谷城', '滋賀県長浜市', 35.459359, 136.2770762),
  ('00000000-0000-0000-0000-000000000004', '彦根城', 'Hikone Castle', '彥根城', '滋賀県彦根市', 35.276452, 136.251846),
  ('00000000-0000-0000-0000-000000000004', '安土城', 'Azuchi Castle', '安土城', '滋賀県近江八幡市', 35.1558183, 136.1395424),
  ('00000000-0000-0000-0000-000000000004', '観音寺城', 'Kannonji Castle', '觀音寺城', '滋賀県近江八幡市', 35.1456393, 136.1577287),
  ('00000000-0000-0000-0000-000000000004', '二条城', 'Nijo Castle', '二條城', '京都府京都市', 35.0157791, 135.7516133),
  ('00000000-0000-0000-0000-000000000004', '大坂城', 'Osaka Castle', '大阪城', '大阪府大阪市', 34.6872571, 135.5258546),
  ('00000000-0000-0000-0000-000000000004', '千早城', 'Chihaya Castle', '千早城', '大阪府千早赤阪村', 34.4161619, 135.6526744),
  ('00000000-0000-0000-0000-000000000004', '竹田城', 'Takeda Castle', '竹田城', '兵庫県朝来市', 35.3004745, 134.8290454),
  ('00000000-0000-0000-0000-000000000004', '篠山城', 'Sasayama Castle', '篠山城', '兵庫県丹波篠山市', 35.074126, 135.2210411),
  ('00000000-0000-0000-0000-000000000004', '明石城', 'Akashi Castle', '明石城', '兵庫県明石市', 34.6523517, 134.9910952),
  ('00000000-0000-0000-0000-000000000004', '姫路城', 'Himeji Castle', '姬路城', '兵庫県姫路市', 34.839449, 134.6939047),
  ('00000000-0000-0000-0000-000000000004', '赤穂城', 'Ako Castle', '赤穗城', '兵庫県赤穂市', 34.7464518, 134.3890573),
  ('00000000-0000-0000-0000-000000000004', '高取城', 'Takatori Castle', '高取城', '奈良県高市郡高取町', 34.4294957, 135.8268431),
  ('00000000-0000-0000-0000-000000000004', '和歌山城', 'Wakayama Castle', '和歌山城', '和歌山県和歌山市', 34.2278094, 135.1720412),
  ('00000000-0000-0000-0000-000000000004', '鳥取城', 'Tottori Castle', '鳥取城', '鳥取県鳥取市', 35.5102686, 134.2409327),
  ('00000000-0000-0000-0000-000000000004', '松江城', 'Matsue Castle', '松江城', '島根県松江市', 35.4751335, 133.0506783),
  ('00000000-0000-0000-0000-000000000004', '月山富田城', 'Gassan Toda Castle', '月山富田城', '島根県安来市', 35.3608051, 133.1852653),
  ('00000000-0000-0000-0000-000000000004', '津和野城', 'Tsuwano Castle', '津和野城', '島根県鹿足郡津和野町', 34.4617445, 131.765431),
  ('00000000-0000-0000-0000-000000000004', '津山城', 'Tsuyama Castle', '津山城', '岡山県津山市', 35.0625464, 134.0052051),
  ('00000000-0000-0000-0000-000000000004', '備中松山城', 'Bicchu Matsuyama Castle', '備中松山城', '岡山県高梁市', 34.8089937, 133.6219844),
  ('00000000-0000-0000-0000-000000000004', '鬼ノ城', 'Kinojo', '鬼之城', '岡山県総社市', 34.7259441, 133.7631151),
  ('00000000-0000-0000-0000-000000000004', '岡山城', 'Okayama Castle', '岡山城', '岡山県岡山市', 34.6651878, 133.9360657),
  ('00000000-0000-0000-0000-000000000004', '福山城', 'Fukuyama Castle', '福山城', '広島県福山市', 34.4906563, 133.3611845),
  ('00000000-0000-0000-0000-000000000004', '吉田郡山城', 'Yoshida Koriyama Castle', '吉田郡山城', '広島県安芸高田市', 34.6700783, 132.710575),
  ('00000000-0000-0000-0000-000000000004', '広島城', 'Hiroshima Castle', '廣島城', '広島県広島市', 34.4027456, 132.4591055),
  ('00000000-0000-0000-0000-000000000004', '岩国城', 'Iwakuni Castle', '岩國城', '山口県岩国市', 34.175242, 132.1741976),
  ('00000000-0000-0000-0000-000000000004', '萩城', 'Hagi Castle', '萩城', '山口県萩市', 34.4186854, 131.3833634),
  ('00000000-0000-0000-0000-000000000004', '徳島城', 'Tokushima Castle', '德島城', '徳島県徳島市', 34.0754535, 134.5548774),
  ('00000000-0000-0000-0000-000000000004', '高松城', 'Takamatsu Castle', '高松城', '香川県高松市', 34.3503157, 134.0516188),
  ('00000000-0000-0000-0000-000000000004', '丸亀城', 'Marugame Castle', '丸龜城', '香川県丸亀市', 34.2859887, 133.800375),
  ('00000000-0000-0000-0000-000000000004', '今治城', 'Imabari Castle', '今治城', '愛媛県今治市', 34.0633885, 133.0067548),
  ('00000000-0000-0000-0000-000000000004', '湯築城', 'Yuzuki Castle', '湯築城', '愛媛県松山市', 33.8487202, 132.7866197),
  ('00000000-0000-0000-0000-000000000004', '松山城', 'Matsuyama Castle', '松山城', '愛媛県松山市', 33.8455768, 132.7655346),
  ('00000000-0000-0000-0000-000000000004', '大洲城', 'Ozu Castle', '大洲城', '愛媛県大洲市', 33.5095497, 132.5413122),
  ('00000000-0000-0000-0000-000000000004', '宇和島城', 'Uwajima Castle', '宇和島城', '愛媛県宇和島市', 33.2194492, 132.565284),
  ('00000000-0000-0000-0000-000000000004', '高知城', 'Kochi Castle', '高知城', '高知県高知市', 33.5608125, 133.5314844),
  ('00000000-0000-0000-0000-000000000004', '福岡城', 'Fukuoka Castle', '福岡城', '福岡県福岡市', 33.5852452, 130.3832159),
  ('00000000-0000-0000-0000-000000000004', '大野城', 'Ono Castle', '大野城', '福岡県大野城市', 33.538528, 130.507333),
  ('00000000-0000-0000-0000-000000000004', '名護屋城', 'Nagoya Castle (Hizen)', '名護屋城', '佐賀県唐津市', 33.5306695, 129.8690516),
  ('00000000-0000-0000-0000-000000000004', '吉野ヶ里遺跡', 'Yoshinogari Ruins', '吉野里遺跡', '佐賀県神埼郡吉野ヶ里町', 33.3239366, 130.3887596),
  ('00000000-0000-0000-0000-000000000004', '佐賀城', 'Saga Castle', '佐賀城', '佐賀県佐賀市', 33.2453424, 130.3025805),
  ('00000000-0000-0000-0000-000000000004', '平戸城', 'Hirado Castle', '平戶城', '長崎県平戸市', 33.3685455, 129.5575561),
  ('00000000-0000-0000-0000-000000000004', '島原城', 'Shimabara Castle', '島原城', '長崎県島原市', 32.7892283, 130.3673433),
  ('00000000-0000-0000-0000-000000000004', '熊本城', 'Kumamoto Castle', '熊本城', '熊本県熊本市', 32.8061859, 130.7058335),
  ('00000000-0000-0000-0000-000000000004', '人吉城', 'Hitoyoshi Castle', '人吉城', '熊本県人吉市', 32.2111674, 130.766571),
  ('00000000-0000-0000-0000-000000000004', '大分府内城', 'Oita Funai Castle', '大分府內城', '大分県大分市', 33.2405347, 131.6115895),
  ('00000000-0000-0000-0000-000000000004', '岡城', 'Oka Castle', '岡城', '大分県竹田市', 32.9682641, 131.4063448),
  ('00000000-0000-0000-0000-000000000004', '飫肥城', 'Obi Castle', '飫肥城', '宮崎県日南市', 31.6281567, 131.3511418),
  ('00000000-0000-0000-0000-000000000004', '鹿児島城', 'Kagoshima Castle', '鹿兒島城', '鹿児島県鹿児島市', 31.5988687, 130.5547801),
  ('00000000-0000-0000-0000-000000000004', '今帰仁城', 'Nakijin Castle', '今歸仁城', '沖縄県国頭郡今帰仁村', 26.6912793, 127.9290226),
  ('00000000-0000-0000-0000-000000000004', '中城城', 'Nakagusuku Castle', '中城城', '沖縄県中頭郡中城村', 26.2835007, 127.7996708),
  ('00000000-0000-0000-0000-000000000004', '首里城', 'Shuri Castle', '首里城', '沖縄県那覇市', 26.2170449, 127.7194833);

insert into public.titles (name, name_en, name_zh, description, category_id)
values ('天下統一', 'Unifier of the Realm', '天下統一', '日本百名城を全て制覇した', '00000000-0000-0000-0000-000000000004');

-- ============================================================
-- ワンピース像
-- ============================================================
insert into public.categories (id, name, name_en, name_zh, description, color, icon, checkin_radius_meters, xp_per_checkin)
values (
  '00000000-0000-0000-0000-000000000005',
  'ワンピース像',
  'One Piece Statues',
  '航海王雕像',
  '熊本県に点在するONE PIECEキャラクターの銅像を巡る',
  '#e11d48',
  '🏴‍☠️',
  200,
  80
);

insert into public.locations (category_id, name, name_en, name_zh, prefecture, lat, lng)
values
  ('00000000-0000-0000-0000-000000000005', 'モンキー・D・ルフィ像', 'Luffy Statue', '魯夫雕像', '熊本県', 32.789011, 130.7413031),
  ('00000000-0000-0000-0000-000000000005', 'チョッパー像', 'Chopper Statue', '喬巴雕像', '熊本県', 32.776109, 130.7503989),
  ('00000000-0000-0000-0000-000000000005', 'サンジ像', 'Sanji Statue', '香吉士雕像', '熊本県', 32.7869618, 130.8234726),
  ('00000000-0000-0000-0000-000000000005', 'ゾロ像', 'Zoro Statue', '索隆雕像', '熊本県', 32.8770961, 130.8711613),
  ('00000000-0000-0000-0000-000000000005', 'ウソップ像', 'Usopp Statue', '騙人布銅像', '熊本県', 32.937002, 131.0803069),
  ('00000000-0000-0000-0000-000000000005', 'フランキー像', 'Franky Statue', '佛朗基雕像', '熊本県', 32.8192246, 131.1226302),
  ('00000000-0000-0000-0000-000000000005', 'ナミ像', 'Nami Statue', '娜美銅像', '熊本県', 32.8429066, 130.9390326),
  ('00000000-0000-0000-0000-000000000005', 'ブルック像', 'Brook Statue', '布魯克雕像', '熊本県', 32.714009, 130.8051029),
  ('00000000-0000-0000-0000-000000000005', 'ジンベエ像', 'Jinbe Statue', '甚平雕像', '熊本県', 32.704119, 130.5813366),
  ('00000000-0000-0000-0000-000000000005', 'ロビン像', 'Robin Statue', '羅賓雕像', '熊本県', 32.8911934, 130.9958042);

insert into public.titles (name, name_en, name_zh, description, category_id)
values ('ワンピース像', 'One Piece Statues', '航海王雕像', '熊本県のONE PIECEキャラクター銅像を全て巡った', '00000000-0000-0000-0000-000000000005');
